Accession,Continent,Block,Flower_Color
T001,Africa,Block1,White
T002,Africa,Block1,Purple
T003,Africa,Block1,White
T004,Africa,Block1,White
T005,Africa,Block1,White
T006,Africa,Block1,White
T007,Africa,Block1,White
T008,Africa,Block1,White
T009,Africa,Block1,White
T010,Africa,Block1,White
T011,Africa,Block1,White
T012,Africa,Block1,White
T013,Africa,Block1,White
T014,Africa,Block1,White
T015,Africa,Block1,White
T016,Africa,Block1,White
T017,Africa,Block1,White
T018,Africa,Block1,White
T019,Africa,Block1,White
T020,Africa,Block1,White
T021,Africa,Block1,White
T022,Africa,Block1,White
T023,Africa,Block1,White
T024,Africa,Block1,White
T025,Africa,Block1,White
T026,Africa,Block1,White
T027,Africa,Block1,White
T028,Africa,Block1,White
T029,Africa,Block1,White
T030,Africa,Block1,White
T031,Africa,Block1,White
T032,Africa,Block1,White
T033,Africa,Block1,White
T034,Africa,Block1,White
T035,Africa,Block1,White
T036,Africa,Block1,White
T037,Africa,Block1,White
T038,Africa,Block1,White
T039,Africa,Block1,White
T040,Africa,Block1,White
T041,Africa,Block1,White
T042,Africa,Block1,White
T043,Africa,Block1,White
T044,Africa,Block1,White
T045,Africa,Block1,White
T046,Africa,Block1,White
T047,Africa,Block1,White
T048,Africa,Block1,White
T049,Africa,Block1,White
T050,Africa,Block1,White
T051,Africa,Block1,White
T052,Africa,Block1,White
T053,Africa,Block1,White
T054,Africa,Block1,White
T055,Africa,Block1,White
T056,Africa,Block1,White
T057,Africa,Block1,White
T058,Africa,Block1,White
T059,Africa,Block1,White
T060,Africa,Block1,White
T061,Africa,Block2,White
T062,Africa,Block2,White
T063,Africa,Block2,White
T064,Africa,Block2,White
T065,Africa,Block2,White
T066,Africa,Block2,White
T067,Africa,Block2,White
T068,Africa,Block2,White
T069,Africa,Block2,White
T070,Africa,Block2,White
T071,Africa,Block2,White
T072,Africa,Block2,White
T073,Africa,Block2,White
T074,Africa,Block2,White
T075,Africa,Block2,White
T076,Africa,Block2,White
T077,Africa,Block2,White
T078,Africa,Block2,White
T079,Africa,Block2,White
T080,Africa,Block2,White
T081,Africa,Block2,White
T082,Africa,Block2,White
T083,Africa,Block2,White
T084,Africa,Block2,White
T085,Africa,Block2,White
T086,Africa,Block2,White
T087,Africa,Block2,White
T088,Africa,Block2,White
T089,Africa,Block2,White
T090,Africa,Block2,White
T091,Africa,Block2,White
T092,Africa,Block2,White
T093,Africa,Block2,White
T094,Africa,Block2,White
T095,Africa,Block2,White
T096,Africa,Block2,White
T097,Africa,Block2,White
T098,Africa,Block2,White
T099,Africa,Block2,White
T100,Africa,Block2,White
T101,Africa,Block2,White
T102,Africa,Block2,White
T103,Africa,Block2,White
T104,Africa,Block2,White
T105,Africa,Block2,White
T106,Africa,Block2,White
T108,Africa,Block2,White
T109,Africa,Block2,White
T110,Africa,Block2,White
T111,Africa,Block2,White
T112,Africa,Block2,White
T113,Africa,Block2,White
T114,Africa,Block2,White
T115,Africa,Block2,White
T116,Africa,Block2,White
T118,Africa,Block2,White
T119,Africa,Block2,White
T120,Africa,Block2,White
T121,Africa,Block2,White
T122,Africa,Block2,White
T123,Africa,Block3,White
T124,Africa,Block3,White
T125,Africa,Block3,White
T126,Africa,Block3,White
T127,Africa,Block3,White
T128,Africa,Block3,White
T129,Africa,Block3,White
T130,Africa,Block3,White
T131,Africa,Block3,White
T132,Africa,Block3,White
T133,Africa,Block3,White
T134,Africa,Block3,White
T135,Africa,Block3,White
T136,Africa,Block3,White
T137,Africa,Block3,White
T138,Africa,Block3,White
T139,Africa,Block3,White
T140,Africa,Block3,White
T141,Africa,Block3,White
T142,Africa,Block3,White
T143,Africa,Block3,White
T144,Africa,Block3,White
T145,Africa,Block3,White
T146,Africa,Block3,White
T147,Africa,Block3,White
T148,Africa,Block3,White
T149,Africa,Block3,White
T150,Africa,Block3,White
T151,Africa,Block3,White
T152,Africa,Block3,White
T153,Africa,Block3,White
T154,Africa,Block3,White
T155,Africa,Block3,White
T156,Africa,Block3,White
T157,Africa,Block3,White
T158,Africa,Block3,White
T159,Africa,Block3,White
T160,Africa,Block3,White
T161,Africa,Block3,White
T162,Africa,Block3,White
T163,Africa,Block3,White
T164,Africa,Block3,White
T165,Africa,Block3,White
T166,Africa,Block3,White
T167,Africa,Block3,White
T168,Africa,Block3,White
T169,Africa,Block3,White
T170,Africa,Block3,White
T171,Africa,Block3,White
T172,Africa,Block3,White
T173,Africa,Block3,White
T174,Africa,Block3,White
T175,Africa,Block3,White
T176,Africa,Block3,White
T177,Africa,Block3,White
T178,Africa,Block3,White
T179,Africa,Block3,White
T180,Africa,Block3,White
T181,Africa,Block3,White
T182,Africa,Block3,White
T183,Africa,Block4,White
T184,Africa,Block4,White
T185,Africa,Block4,White
T186,Africa,Block4,White
T187,Africa,Block4,White
T188,Africa,Block4,White
T189,Africa,Block4,White
T190,Africa,Block4,White
T191,Africa,Block4,White
T192,Africa,Block4,White
T193,Africa,Block4,White
T194,Africa,Block4,White
T195,Africa,Block4,White
T196,Africa,Block4,White
T197,Africa,Block4,White
T198,Africa,Block4,White
T199,Africa,Block4,White
T200,Africa,Block4,White
T201,Africa,Block4,White
T202,Africa,Block4,White
T203,Africa,Block4,White
T204,Africa,Block4,White
T205,Africa,Block4,White
T206,Africa,Block4,White
T207,Africa,Block4,White
T208,Africa,Block4,White
T209,Africa,Block4,White
T210,Africa,Block4,White
T211,Africa,Block4,White
T212,Africa,Block4,White
T213,Africa,Block4,White
T214,Africa,Block4,White
T215,Africa,Block4,White
T216,Africa,Block4,White
TN01,Africa,Block4,White
T217,Africa,Block4,White
T218,Africa,Block4,White
T219,Africa,Block4,White
T220,Africa,Block4,White
T221,Africa,Block4,White
T222,Africa,Block4,White
T224,Africa,Block4,White
T225,Africa,Block4,White
T227,Africa,Block4,White
T228,Africa,Block4,White
T229,Africa,Block4,White
T230,Africa,Block4,White
T231,Africa,Block4,White
T232,Africa,Block4,White
T233,Africa,Block4,White
T234,Africa,Block4,White
T235,Africa,Block4,White
T236,Africa,Block4,White
T237,Africa,Block4,White
T238,Africa,Block4,White
T239,Africa,Block4,White
T240,Africa,Block4,White
T241,Africa,Block4,White
T242,Africa,Block4,White
T243,Africa,Block4,White
T244,Africa,Block5,White
T245,Africa,Block5,White
T246,Africa,Block5,White
T247,Africa,Block5,White
T248,Africa,Block5,White
T249,Africa,Block5,White
T250,Africa,Block5,White
T251,Africa,Block5,White
T252,Africa,Block5,White
T253,Africa,Block5,White
T254,Africa,Block5,White
T255,Africa,Block5,White
T256,Africa,Block5,White
T257,Africa,Block5,White
T258,Africa,Block5,White
T259,Africa,Block5,White
T260,Africa,Block5,White
T261,Africa,Block5,Pink
T262,Africa,Block5,White
T263,Africa,Block5,White
T264,Africa,Block5,White
T265,Africa,Block5,White
T266,Africa,Block5,White
T267,Africa,Block5,White
T268,Africa,Block5,White
T269,Africa,Block5,White
T270,Africa,Block5,White
T271,Africa,Block5,White
T272,Africa,Block5,White
T273,Africa,Block5,White
T274,Africa,Block5,White
T275,Africa,Block5,White
T276,Africa,Block5,White
T278,Africa,Block5,White
T279,Africa,Block5,White
T280,Africa,Block5,White
T281,Africa,Block5,White
T282,Africa,Block5,White
T283,Africa,Block5,White
T284,Africa,Block5,White
T285,Africa,Block5,White
T286,Africa,Block5,White
T287,Africa,Block5,White
T288,Africa,Block5,White
T289,Africa,Block5,White
T290,Africa,Block5,White
T291,Africa,Block5,White
T292,Africa,Block5,White
T293,Africa,Block5,White
T357,Asia,Block5,White
T358,Asia,Block5,White
T359,Asia,Block5,White
T360,Asia,Block5,White
T361,Asia,Block5,White
T362,Asia,Block5,White
T363,Asia,Block5,White
T364,Asia,Block5,White
T365,Asia,Block5,White
T366,Asia,Block5,White
T324,Asia,Block5,White
T325,Asia,Block5,White
T326,Asia,Block6,White
T327,Asia,Block6,White
T328,Asia,Block6,White
T329,Africa,Block6,White
T330,Africa,Block6,White
T331,Africa,Block6,White
T304,Africa,Block6,White
T305,Africa,Block6,White
T306,Asia,Block6,White
T307,Asia,Block6,White
T308,Asia,Block6,White
T309,Asia,Block6,White
T310,Asia,Block6,White
T311,Asia,Block6,White
T312,Asia,Block6,White
T313,Asia,Block6,White
T347,Asia,Block6,White
T348,Asia,Block6,White
T349,Asia,Block6,White
T350,Asia,Block6,White
T351,Asia,Block6,White
T352,Asia,Block6,White
T353,Asia,Block6,White
T354,Asia,Block6,White
T355,Asia,Block6,White
T356,Asia,Block6,White
T367,Asia,Block6,White
T368,Asia,Block6,White
T369,Asia,Block6,White
T370,Asia,Block6,White
T371,Asia,Block6,White
T372,Asia,Block6,White
T342,Asia,Block6,White
T343,Asia,Block6,Pink
T344,Asia,Block6,White
T345,Asia,Block6,White
T346,Asia,Block6,White
T314,Asia,Block6,White
T315,Asia,Block6,White
T316,Asia,Block6,White
T317,Asia,Block6,White
T318,Asia,Block6,White
T319,Others,Block6,White
T320,Others,Block6,White
T321,Others,Block6,White
T322,Others,Block6,White
T323,Others,Block6,White
T373,Asia,Block6,White
T374,Asia,Block6,White
T375,Asia,Block6,White
T376,Asia,Block6,White
T377,Asia,Block6,White
T378,Asia,Block6,White
T379,Asia,Block6,White
T380,Asia,Block6,White
T381,Asia,Block6,White
T332,Asia,Block6,White
T333,Asia,Block6,White
T334,Asia,Block6,White
T335,Asia,Block6,White
T336,Others,Block7,White
T337,Others,Block7,White
T338,Others,Block7,White
T339,Others,Block7,White
T340,Others,Block7,White
T341,Others,Block7,White
T294,Others,Block7,White
T295,Others,Block7,White
T296,Others,Block7,White
T297,Others,Block7,White
T298,Others,Block7,White
T299,Others,Block7,White
T300,Others,Block7,White
T301,Others,Block7,White
T302,Others,Block7,White
T303,Others,Block7,White
T382,Others,Block7,White
T383,Others,Block7,White
T384,Others,Block7,White
T385,Others,Block7,White
T386,Others,Block7,White
T387,Others,Block7,White
T388,Others,Block7,White
T389,Others,Block7,White
T390,Others,Block7,White
T391,Others,Block7,White
T392,Others,Block7,White
T393,Others,Block7,White
TN02,Asia,Block7,White
TN03,Asia,Block7,White
TN04,Asia,Block7,White
T428,Asia,Block7,White
T425,Asia,Block7,White
T424,Asia,Block7,White
TN05,Asia,Block7,White
T405,Asia,Block7,White
T426,Asia,Block7,White
T417,Asia,Block7,White
T416,Asia,Block7,Pink
T427,Asia,Block7,White
T418,Asia,Block7,White
T421,Asia,Block7,White
T420,Asia,Block7,White
T422,Asia,Block7,White
T406,Asia,Block7,White
T419,Asia,Block7,White
T423,Asia,Block7,White
T431,Asia,Block7,Pink
TN07,Asia,Block7,Pink
TN08,Asia,Block7,White
TN09,Asia,Block7,White
TN10,Asia,Block7,White
TN11,Asia,Block7,White
TN12,Asia,Block7,Pink
TN13,Asia,Block7,White
TN14,Asia,Block7,White
TN15,Asia,Block7,Pink
TN16,Asia,Block8,White
TN17,Asia,Block8,White
TN18,Asia,Block8,White
T403,Asia,Block8,Pink
TN19,Asia,Block8,White
TN20,Asia,Block8,White
TN21,Asia,Block8,White
TN22,Asia,Block8,White
TN23,Asia,Block8,White
TN24,Asia,Block8,White
TN25,Asia,Block8,White
TN26,Asia,Block8,White
TN27,Asia,Block8,White
TN28,Asia,Block8,White
TN29,Asia,Block8,White
TN30,Asia,Block8,White
TN31,Asia,Block8,Pink
TN32,Asia,Block8,White
TN33,Asia,Block8,White
TN34,Asia,Block8,White
TN35,Asia,Block8,White
TN36,Asia,Block8,White
TN37,Asia,Block8,White
TN38,Asia,Block8,White
T398,Asia,Block8,White
TN39,Asia,Block8,White
TN40,Asia,Block8,White
TN41,Asia,Block8,White
TN42,Asia,Block8,White
TN43,Asia,Block8,White
T404,Asia,Block8,White
TN44,Asia,Block8,White
TN45,Asia,Block8,White
TN46,Asia,Block8,White
TN47,Asia,Block8,White
TN48,Asia,Block8,White
T394,Asia,Block8,White
TN49,Asia,Block8,White
T415,Asia,Block8,White
TN50,Asia,Block8,White
T402,Asia,Block8,White
TN51,Asia,Block8,White
TN52,Asia,Block8,White
TN53,Asia,Block8,Pink
T401,Asia,Block8,White
TN54,Asia,Block8,White
T400,Asia,Block8,White
TN55,Asia,Block8,White
TN56,Asia,Block8,White
T413,Asia,Block8,White
T414,Asia,Block8,White
T399,Asia,Block8,White
TN57,Asia,Block8,White
T395,Asia,Block8,White
T397,Asia,Block8,White
T396,Asia,Block8,White
TN58,Asia,Block8,White
TN59,Asia,Block8,White
TN60,Asia,Block8,White
TN61,Asia,Block8,White
T407,Asia,Block8,White
T408,Asia,Block8,White
T410,Asia,Block8,White
T411,Asia,Block8,Pink
T409,Asia,Block8,Pink
T412,Asia,Block8,Pink
